Time (years),Np (MM/stb),Rp (scf/stb),Bo (rb/stb),Rs (scf/stb),Bg (rb/scf)
0,,650,1.404,650,.00093 
1,7.88,760,1.374,592,0.00098
2,18.42,845,1.349,545,0.00107
3,29.15,920,1.329,507,0.00117
4,40.69,975,1.316,471,0.00128
5,50.14,1025,1.303,442,0.00139
6,58.42,1065,1.294,418,0.0015
7,65.39,1095,1.287,398,0.0016
8,70.74,1120,1.28,383,0.0017
9,74.54,1145,1.276,381,0.00176
10,77.43,1160,1.273,364,0.00182
